家常美味,https://icook.tw/categories/592
烘焙專區,https://icook.tw/categories/593
烤肉,https://icook.tw/categories/104
炸物,https://icook.tw/categories/491
焗烤,https://icook.tw/categories/113
涼拌,https://icook.tw/categories/10
沙拉,https://icook.tw/categories/7
醃漬,https://icook.tw/categories/591
滷肉,https://icook.tw/categories/209
麻辣,https://icook.tw/categories/217
滷味,https://icook.tw/categories/207
咖哩,https://icook.tw/categories/107
披薩,https://icook.tw/categories/112
義大利麵,https://icook.tw/categories/111
壽司手捲,https://icook.tw/categories/108
肉丸子,https://icook.tw/categories/413
熱炒,https://icook.tw/categories/208
鍋物,https://icook.tw/categories/241
煎餅,https://icook.tw/categories/380
常備菜,https://icook.tw/categories/596
素食,https://icook.tw/categories/28
全素,https://icook.tw/categories/97
奶蛋素,https://icook.tw/categories/98
五辛素,https://icook.tw/categories/99
湯,https://icook.tw/categories/8
雞湯,https://icook.tw/categories/320
濃湯,https://icook.tw/categories/322
羅宋湯,https://icook.tw/categories/323
排骨湯,https://icook.tw/categories/321
羹湯,https://icook.tw/categories/324
麵食,https://icook.tw/categories/360
涼麵,https://icook.tw/categories/187
餃子鍋貼,https://icook.tw/categories/47
餛飩抄手,https://icook.tw/categories/373
米食,https://icook.tw/categories/46
粥,https://icook.tw/categories/14
燉飯,https://icook.tw/categories/9
蓋飯,https://icook.tw/categories/327
飯糰,https://icook.tw/categories/109
炊飯,https://icook.tw/categories/438
米粉,https://icook.tw/categories/368
油飯,https://icook.tw/categories/412
炒飯,https://icook.tw/categories/220
鬆餅,https://icook.tw/categories/200
奶酪,https://icook.tw/categories/346
甜湯,https://icook.tw/categories/339
布丁,https://icook.tw/categories/345
優格,https://icook.tw/categories/347
果凍、茶凍,https://icook.tw/categories/375
巧克力,https://icook.tw/categories/73
日式點心,https://icook.tw/categories/23
餅乾,https://icook.tw/categories/17
麻糬,https://icook.tw/categories/342
泡芙,https://icook.tw/categories/465
北方餅,https://icook.tw/categories/341
中式點心,https://icook.tw/categories/349
蘿蔔糕,https://icook.tw/categories/344
饅頭,https://icook.tw/categories/340
包子,https://icook.tw/categories/479
月餅,https://icook.tw/categories/232
蛋糕,https://icook.tw/categories/16
乳酪蛋糕,https://icook.tw/categories/328
戚風蛋糕,https://icook.tw/categories/329
杯子蛋糕,https://icook.tw/categories/330
巧克力蛋糕,https://icook.tw/categories/331
蛋糕捲,https://icook.tw/categories/478
雞蛋糕,https://icook.tw/categories/198
磅蛋糕,https://icook.tw/categories/457
提拉米蘇,https://icook.tw/categories/332
手作麵包,https://icook.tw/categories/15
吐司,https://icook.tw/categories/334
貝果,https://icook.tw/categories/335
台式麵包,https://icook.tw/categories/336
甜甜圈,https://icook.tw/categories/376
歐式麵包,https://icook.tw/categories/229
造型點心,https://icook.tw/categories/521
派塔,https://icook.tw/categories/18
鹹派,https://icook.tw/categories/464
羊肉,https://icook.tw/categories/41
鴨肉,https://icook.tw/categories/43
葉菜,https://icook.tw/categories/394
高麗菜,https://icook.tw/categories/304
白菜,https://icook.tw/categories/396
菠菜,https://icook.tw/categories/408
五穀雜糧,https://icook.tw/categories/2
藜麥,https://icook.tw/categories/399
玉米,https://icook.tw/categories/416
紅豆,https://icook.tw/categories/486
菌藻,https://icook.tw/categories/390
菇類,https://icook.tw/categories/67
海藻類,https://icook.tw/categories/377
木耳,https://icook.tw/categories/391
海鮮,https://icook.tw/categories/3
魚類,https://icook.tw/categories/44
蝦類,https://icook.tw/categories/69
蟹類,https://icook.tw/categories/93
貝類,https://icook.tw/categories/94
軟體海鮮,https://icook.tw/categories/411
瓜果,https://icook.tw/categories/395
番茄,https://icook.tw/categories/303
秋葵,https://icook.tw/categories/476
南瓜,https://icook.tw/categories/114
苦瓜,https://icook.tw/categories/121
茄子,https://icook.tw/categories/120
絲瓜,https://icook.tw/categories/119
小黃瓜,https://icook.tw/categories/215
青椒,https://icook.tw/categories/305
四季豆,https://icook.tw/categories/400
根莖,https://icook.tw/categories/393
栗子,https://icook.tw/categories/490
馬鈴薯,https://icook.tw/categories/307
地瓜,https://icook.tw/categories/308
洋蔥,https://icook.tw/categories/309
蘿蔔,https://icook.tw/categories/310
蘆筍,https://icook.tw/categories/311
茭白筍,https://icook.tw/categories/312
芋頭,https://icook.tw/categories/117
竹筍,https://icook.tw/categories/383
山藥,https://icook.tw/categories/487
蓮藕,https://icook.tw/categories/489
豆類,https://icook.tw/categories/302
豆腐,https://icook.tw/categories/484
豆皮,https://icook.tw/categories/485
豆干,https://icook.tw/categories/488
水果,https://icook.tw/categories/6
草莓,https://icook.tw/categories/314
蘋果,https://icook.tw/categories/316
香蕉,https://icook.tw/categories/317
芒果,https://icook.tw/categories/186
蛋,https://icook.tw/categories/301
蒸蛋,https://icook.tw/categories/213
豬肉,https://icook.tw/categories/40
絞肉,https://icook.tw/categories/468
火鍋肉片,https://icook.tw/categories/523
牛肉,https://icook.tw/categories/39
牛排,https://icook.tw/categories/204
雞肉,https://icook.tw/categories/38
雞腿肉,https://icook.tw/categories/467
雞胸肉,https://icook.tw/categories/472
韓式,https://icook.tw/categories/61
日式,https://icook.tw/categories/60
泰式,https://icook.tw/categories/62
西班牙,https://icook.tw/categories/83
美式,https://icook.tw/categories/590
法式,https://icook.tw/categories/68
港式,https://icook.tw/categories/64
義式,https://icook.tw/categories/63
台灣小吃,https://icook.tw/categories/216
客家,https://icook.tw/categories/350
眷村菜,https://icook.tw/categories/219
冰,https://icook.tw/categories/20
冰沙,https://icook.tw/categories/338
冰淇淋,https://icook.tw/categories/195
飲料,https://icook.tw/categories/463
茶飲,https://icook.tw/categories/337
果汁,https://icook.tw/categories/218
配料,https://icook.tw/categories/599
兒童餐,https://icook.tw/categories/462
可愛便當,https://icook.tw/categories/70
寶寶副食品,https://icook.tw/categories/148
早餐,https://icook.tw/categories/147
早午餐,https://icook.tw/categories/210
下午茶,https://icook.tw/categories/206
宵夜,https://icook.tw/categories/77
便當,https://icook.tw/categories/27
露營,https://icook.tw/categories/498
野餐,https://icook.tw/categories/453
派對,https://icook.tw/categories/495
快速,https://icook.tw/categories/29
省錢,https://icook.tw/categories/30
果醬抹醬,https://icook.tw/categories/455
餡料,https://icook.tw/categories/456
醬料,https://icook.tw/categories/13
微波爐,https://icook.tw/categories/25
悶燒杯,https://icook.tw/categories/417
烤箱,https://icook.tw/categories/449
麵包機,https://icook.tw/categories/458
鑄鐵鍋,https://icook.tw/categories/459
電鍋,https://icook.tw/categories/26
小米家電,https://icook.tw/categories/600
低卡瘦身,https://icook.tw/categories/122
養顏美容,https://icook.tw/categories/436
滋補養身,https://icook.tw/categories/211
端午包粽,https://icook.tw/categories/185
萬聖節,https://icook.tw/categories/52
聖誕大餐,https://icook.tw/categories/71
元宵湯圓,https://icook.tw/categories/137
情人節,https://icook.tw/categories/49
年菜,https://icook.tw/categories/50
素食年菜,https://icook.tw/categories/502
中秋,https://icook.tw/categories/602
